"Karn, the Great Creator",Colorless,Rare,C-,3.639846743,3.402570066,https://lh6.googleusercontent.com/lgTybpPig1JUktpJNCpygZqD7xOUTrmGOz3ebzAgjrVMJdRf6OXI_FNDb3B6A3KTuCauod57hQ=w265,001,03.64,5,9,8,9,15,12,8,19,26,23,43,24,60
"Ugin, the Ineffable",Colorless,Rare,A-,9.935606061,1.57681069,https://lh6.googleusercontent.com/vE7F7W_2PAg8_YzFD2QBPOjNMMR-STFNrcH23KNVUGPhWkpNDXGCW5Ip1DFlefFx7B1A2eBSqg=w265,002,09.94,40,75,51,57,20,13,5,2,1,0,0,0,0
Ugin's Conjurant,Colorless,Uncommon,C+,5.673076923,2.117414044,https://lh3.googleusercontent.com/Z9qJ-cCPbjNniTzz2i7g_JQnfQ02BToPSnSjzVpslwuRAnIYwMGWUu3MFRMrtyjaaAvkJTL1dA=w265,003,05.67,0,1,3,21,28,30,67,42,32,11,17,4,4
Ajani's Pridemate,White,Uncommon,C+,6.010680908,1.576869298,https://lh6.googleusercontent.com/yzOMmih4BM8YPcwRdLbc3ICFYPvDKr0o79n56Y8QBXhfHEb0hY4yQuH7aXWtyXuwU5jtDgxqAQ=w265,004,06.01,1,3,7,39,65,134,237,161,63,22,16,1,0
Battlefield Promotion,White,Common,C,4.966759003,1.470562846,https://lh4.googleusercontent.com/FCBupA07qmFf2b_-Cf_csVGBXqnj79w-o4e3mOXolix6joBHqHv7D6fpgr2ZL-jiVW8dghJVvA=w265,005,04.97,1,1,2,6,26,37,170,232,138,80,22,6,1
Bond of Discipline,White,Uncommon,C,4.91048951,2.358093319,https://lh5.googleusercontent.com/9ObTngRBNY3hxfAed6OeRNaXfrBWyIavOzIkTfLx5vVgD9eFtRjWDU7lY9DVVOF4HnQ-Jke4IQ=w265,006,04.91,1,5,9,42,52,65,121,100,99,92,86,35,8
Bulwark Giant,White,Common,D+,3.341258741,1.451712438,https://lh5.googleusercontent.com/n_jUwlwS81f_id1-QoDCkSqfFE3owkZ-MHXByyrY64elhWZS8LlF64FsVTQVpKfbTzPTZCitbg=w265,007,03.34,0,0,0,1,0,14,37,92,170,185,169,27,20
Charmed Stray,White,Common,D+,2.572230014,2.139295981,https://lh6.googleusercontent.com/pAnM4H_o0aP9seEJnATyQa5dph2LYSrzDLGG0BvSTEHS-oqxkeZhPFLXtIwtDNGfT29v4aZrUg=w265,008,02.57,4,0,2,6,7,18,35,51,68,102,178,131,111
Defiant Strike,White,Common,C-,4.019553073,1.777767224,https://lh5.googleusercontent.com/sObWcz7CrMlYWe1Kv_DC5FBubXRivFu6hS8rpvf8hkvV8_W55OKnZl-rFBSpzlXcubYXH48ZSQ=w265,009,04.02,0,0,0,9,18,17,87,160,158,111,104,39,13
Divine Arrow,White,Common,B-,6.728291317,1.332140457,https://lh6.googleusercontent.com/8hTA8QHWzV_LhU43ldNZWN45g_R5BOaAbwMpcbCRYt-fQZvlUqVwjnCWO-RCD_yYDp6k9Pb7xg=w265,010,06.73,0,4,8,58,114,199,233,76,13,6,2,1,0
Enforcer Griffin,White,Common,C,5.339385475,1.39656388,https://lh6.googleusercontent.com/HPLn5jbjWjt-9YLu8rRor_ml2IdSRFtUJVLsGe23cKr13a2jy2h59AGv8Mr7vUlYXStrO-5BtA=w265,011,05.34,0,0,1,12,34,68,179,284,85,27,19,4,3
Finale of Glory,White,Mythic,B+,9.330555556,1.764795503,https://lh6.googleusercontent.com/c3LzbVfmVfdpJlqDy8XSp23JlzeYAvg7AX8Z-dOm8KcFe-rooFekt3fct8wcAW4_bwsV22OCug=w265,012,09.33,58,148,150,167,96,57,23,8,9,2,2,0,0
Gideon Blackblade,White,Mythic,A,10.83772538,1.087820112,https://lh5.googleusercontent.com/2Ii6FT4HjQ43cP85VF2rbw4Xm-_9VFTxlZEcQUIbsGf_W0UWZIpfD3tRZ76CGAJxYeGaCOA_Ug=w265,013,10.84,221,285,121,68,24,1,1,0,0,0,0,0,0
Gideon's Sacrifice,White,Common,D+,3.313920455,2.422518698,https://lh3.googleusercontent.com/boDQNUbmDV6NXZestmbKeJ-dpBQDMPV_6fn7UBRGhRUdAHTUyOD8x1rCrA6WtQ2Qnom3s4BKhg=w265,014,03.31,0,3,6,17,24,28,49,69,104,90,136,102,76
Gideon's Triumph,White,Uncommon,C+,5.967236467,1.759525305,https://lh4.googleusercontent.com/XBkn3I47B7arvE-xTBinXujnQfF67MGVjtERlwIVI1kEjKUseCcyHGG_cE1WciAfoLyRixZeww=w265,015,05.97,4,6,6,35,64,130,187,148,81,19,15,5,2
God-Eternal Oketra,White,Mythic,A+,11.53576438,0.8357681729,https://lh4.googleusercontent.com/gCqn3hLztfJOgRyXMIZDFCrzyezw4oMdqMvvzrJz9sTuA0VorkVUv2AR9WkCuvbKlOdQECBX8w=w265,016,11.54,485,163,42,12,7,4,0,0,0,0,0,0,0
Grateful Apparition,White,Uncommon,B-,6.598290598,1.732758123,https://lh4.googleusercontent.com/JFfsDH-dd52_Rom5DZDHqf7CX7-uCiBQkPHty1rF9ZlWNZcMjT4RD9qhVn9f6Hicw-8JonEKVw=w265,017,06.60,1,7,5,73,129,173,151,88,44,18,6,5,2
Ignite the Beacon,White,Rare,C-,3.952924394,2.474280994,https://lh3.googleusercontent.com/5crQSCCUejV8u58MfpMRygzbUaPgMoju9X4WWqB_pyN8h1YOtBoJDij3mIBzPbva-bAFGnYYEQ=w265,018,03.95,0,2,8,18,33,65,59,103,84,97,117,58,57
Ironclad Krovod,White,Common,D+,3.065433855,1.424745713,https://lh3.googleusercontent.com/dQIOF-V_kIvhI6Wa1NS4BYP3KkpYJ2XrZAI17l0xa0lUGoqQI4HOCSBlV6mQWdo1WqcTKFb3qA=w265,019,03.07,0,0,0,1,3,3,21,76,168,162,186,65,18
Law-Rune Enforcer,White,Common,B-,7.106837607,1.692050381,https://lh4.googleusercontent.com/7nUiQu3Fj3Bc0FSOKPAJbC-HNQmByEc6TbADWWspRGeqjg7SOSDBxfx1UEzoZsb7X61cGWFUxg=w265,020,07.11,0,11,20,113,152,174,139,53,16,12,7,4,1
Loxodon Sergeant,White,Common,C,4.601139601,1.564732155,https://lh5.googleusercontent.com/GPZ8jHcHXCYRKi65lqqpK4mILrvoU-PfdSuLLYkPXOVYOjBWgYqlKktTgaqHErHLcNKjTDJnUQ=w265,021,04.60,0,1,0,10,19,41,97,201,183,81,60,8,1
Makeshift Battalion,White,Common,C,5.141833811,1.302771823,https://lh4.googleusercontent.com/D6cwch6DZ2nzomhKetgLcB2hPNJPfOBAN5o1BkGnwqNYjLWPqqkMP9QHExI7tI7SwjVARAixPA=w265,022,05.14,0,1,0,12,24,30,176,267,133,37,16,2,0
Martyr for the Cause,White,Common,C,5.38,1.375714147,https://lh3.googleusercontent.com/eZbNTzTWRSqESX5dg2JWVaLAy2A8poVU41Xj5Dp7WvZ3pfahc5jRGFv3nRQj89ty9YGDhfm4uQ=w265,023,05.38,0,2,5,12,32,58,173,262,124,20,9,2,1
Parhelion II,White,Rare,B-,6.704545455,2.911825464,https://lh4.googleusercontent.com/Q3oSRUlod2QuVwXPq_ElWCf48n5p4J2pbRy0OLqDoCahNUEXyt7z4706kVjYmP2ddBGpKtN4_w=w265,024,06.70,22,42,63,74,103,106,72,52,47,50,40,22,11
Pouncing Lynx,White,Common,C,5.3490701,1.39217363,https://lh4.googleusercontent.com/OgNoXm53vtiS5r7Ldu8fANKHguuveN9MK8X_4Z2gKOaPvMAmnYXVlQuYSzETkaiCN-VpKIRqpg=w265,025,05.35,1,1,1,9,38,43,216,239,104,28,12,5,2
Prison Realm,White,Uncommon,B+,8.698005698,1.160437475,https://lh6.googleusercontent.com/6fnpCGRLsUCrrtrnk7imLwHJ0i93Scolk4WEZ3fhw28O0MNOW7CHtrPKYViC2pB3jDTx6QmIKQ=w265,026,08.70,5,49,77,274,221,56,12,7,1,0,0,0,0
Rally of Wings,White,Uncommon,C-,4.104734577,2.179895856,https://lh3.googleusercontent.com/Uc4r5lDnrfha5iCWk4EvfYhJdbflsEk2RcGyjbv3L_56MOHXPaqBKs1CmurjYaNiVtA5MFJ0Tw=w265,027,04.10,0,2,1,18,38,35,86,101,122,120,101,47,26
Ravnica at War,White,Rare,C-,4.215099715,2.72163623,https://lh6.googleusercontent.com/lE5HZNL1GPShKbAHqOiSIsr7xbOzt0bgXy0Cq-13rWBVz2LsQUggdOc-eTb5l6d0goe-m7S-Mw=w265,028,04.22,2,6,14,22,48,62,80,85,70,78,119,56,60
Rising Populace,White,Common,C,5.488571429,1.536819715,https://lh3.googleusercontent.com/Twnut9rPGWeM7f9W0RHft226Plwx8G5beZSK763LZBXwD27SGswPq_tk2j6itZ62R8Wn7hKvxA=w265,029,05.49,0,5,3,18,36,82,182,224,95,34,18,3,0
Single Combat,White,Rare,C+,6.233093525,2.735253585,https://lh6.googleusercontent.com/aAM_-xh7pER6weF_Wx-YNS8BqZxAEiRSigKxA_yic__P8glfsx1yTlWge2SY_tonvwjGqM9yrg=w265,030,06.23,2,22,40,81,110,125,70,63,53,41,47,18,23
Sunblade Angel,White,Uncommon,B-,6.622857143,1.612023087,https://lh6.googleusercontent.com/RnaeioHAMU0UZKF7FoZFp0cX31k3PH_HmCHx0P7RI8lh2aZWMtg0dAtfSQDI9Dp33D7gCldMUg=w265,031,06.62,1,6,9,63,111,194,175,76,45,10,6,3,1
"Teyo, the Shieldmage",White,Uncommon,C-,4.078571429,2.183524789,https://lh4.googleusercontent.com/zxJP0uangU2giNKemrMYbUn0K4LKsHzeOniovx1LcevAJUOppxBtcCw4TnkMeRMafLicUnnLaA=w265,032,04.08,0,0,7,21,20,41,87,108,121,121,95,50,29
Teyo's Lightshield,White,Common,C-,3.875,1.735007723,https://lh6.googleusercontent.com/j36x5DSE221ZDQT3wJV4Z13YwIzw7fRFUeFKrGQRsh1KhRcyRRnqeAd0AHa3m7r-73C0QJHeOQ=w265,033,03.88,0,0,0,5,10,20,70,157,168,105,100,40,21
"Tomik, Distinguished Advokist",White,Rare,C+,6.329022989,1.803136251,https://lh5.googleusercontent.com/r_KsbZLWbs_Sq0EUBXDsgM5ecN-pxPIORqCRIrEs0QBLNaRiVHZteRxfAMVkrebd5BvRULXQtw=w265,034,06.33,0,7,4,53,104,158,198,95,31,13,19,9,5
Topple the Statue,White,Common,C-,3.954088953,1.794199965,https://lh5.googleusercontent.com/ZuYvlyvLK0ePJO_zJ0tH1v5sv87uIMI29WvYCcRnk9hAFGxSzNGUSfIHZnpZav8mKi07YIMqtQ=w265,035,03.95,0,1,0,10,10,31,81,123,142,147,107,34,11
Trusted Pegasus,White,Common,B-,7.266094421,1.329899945,https://lh5.googleusercontent.com/okyYO7p9L4k-5mTuMEFFsK--DQ-eDH9-RyOwc6GmaVpz7_HUEP_ruHNKIdi0XI3G2K2PQYsd-g=w265,036,07.27,1,4,17,92,193,205,136,32,15,2,2,0,0
The Wanderer,White,Uncommon,B-,6.894285714,1.882901432,https://lh6.googleusercontent.com/x65hgXgsa-2AmiGdFJqM9Vsj5YVRE1Nxlr0mjpoCkHSWQ8JeC0aL98AV01oECmeZFxmRISNhCw=w265,037,06.89,4,13,31,86,128,155,137,84,34,16,6,4,2
Wanderer's Strike,White,Common,B-,7.271428571,1.45727349,https://lh6.googleusercontent.com/UuqccU-Y3YUBGk_12AvMGpip4HhUJFtZwTbUWSjDkF5GfiBtUpQ1jm1iMrZ69DTlP6p-8Bhp-A=w265,038,07.27,3,7,22,102,178,182,139,45,18,3,0,1,0
War Screecher,White,Common,C,5.384172662,1.422557009,https://lh3.googleusercontent.com/DJ3WAutiy0eB2er_BdDLHBZ4IPjckuggTSHv9mARMuVhvcesZZYScI1U_xauZL7RfsF8jMgXjA=w265,039,05.38,1,1,1,14,30,57,198,266,79,27,13,3,5
Ashiok's Skulker,Blue,Common,C,4.915014164,1.441521475,https://lh3.googleusercontent.com/3bciBMGlYMLI_ZSYPWDDKXXNCSc-0FJbK-c6CdPUkkf5MLdZdvAQcPHff1NzSduLQCE6lp5KAA=w265,040,04.92,0,0,0,7,10,18,73,116,81,33,12,1,2
Augur of Bolas,Blue,Uncommon,C,5.395480226,1.839627355,https://lh4.googleusercontent.com/_3NAMgqdWykoAxfOBecNmJZzEKD99wtAvD_1T_80D2otaT312PIZK71ohFWROSe7HQjigE_vfQ=w265,041,05.40,1,2,1,11,33,37,88,68,59,36,15,2,1
Aven Eternal,Blue,Common,B-,6.869688385,1.148128004,https://lh6.googleusercontent.com/XNJPyeu3Lcd5hQZEB44GpTSfB3SvgzXor6EvIteC3tb6JDtFgQfMvEncIChcKkcIwVV9U080ow=w265,042,06.87,0,1,3,30,53,120,125,20,0,0,0,0,1
Bond of Insight,Blue,Uncommon,C,4.578347578,1.891028021,https://lh4.googleusercontent.com/7-eNdf0QVeIcu3lGdBE50yV0AGgZCHfXAttKZVVXW_MrCKEwacjb-dyIv45mbwVRhYUJGmuJPw=w265,043,04.58,0,0,0,6,20,30,54,67,67,60,33,10,4
Callous Dismissal,Blue,Common,C+,5.940509915,1.551896483,https://lh3.googleusercontent.com/wrX_72mO5oHSShhj99KXSf-hX2gql8A7RNyZUtg33_7S9TGBciMVVzWjAe0IWcH3LnIBXoPaNg=w265,044,05.94,0,4,1,16,24,54,136,70,31,8,7,1,1
Commence the Endgame,Blue,Rare,B-,7.383098592,2.162794405,https://lh4.googleusercontent.com/ie9qMJNV9tsybECGG2AtTtkacZgOh0Ha6B8VaqwJA_QjclEK4xYk9rjdtXz-7iL1d2bOZUgMUQ=w265,045,07.38,2,25,29,55,66,70,44,29,16,10,7,2,0
Contentious Plan,Blue,Common,C,4.815864023,1.744334304,https://lh5.googleusercontent.com/ebhaisVhE36IRNvtv9PGkeKQu_71xe4bRYWH0Vls38z8EI-1y8SIdjaziDP41319Ybly2-pL7A=w265,046,04.82,0,1,1,11,16,19,59,89,83,48,19,6,1
Crush Dissent,Blue,Common,C-,4.110481586,1.790672818,https://lh6.googleusercontent.com/F7tXvB28WYHlXhMBS6VfYNWJMo9a8W4fntHVBW7NLbhXFunh7_COCKatbslXtLj7xMy58YQPzA=w265,047,04.11,0,0,0,7,5,19,38,75,81,59,47,17,5
Erratic Visionary,Blue,Common,C+,5.746438746,1.314135292,https://lh6.googleusercontent.com/bPObyQuLk0yQSky53999wIsKX3nb04yg4Xg-DEyp0HOpzDt7aSN0ni9CrfoMBfgG4Jt7VMRUGw=w265,048,05.75,0,0,1,10,21,46,130,93,36,10,4,0,0
Eternal Skylord,Blue,Uncommon,B,7.719546742,1.22849123,https://lh3.googleusercontent.com/jL-CP6FNtbYHHkWAWdBrkLWRmU44lPWncZKLVCHBOnDLhmyDPy-qoFeIg0oolIJ_TvH9A7qL0g=w265,049,07.72,1,3,15,75,104,105,43,4,2,0,1,0,0
"Fblthp, the Lost",Blue,Rare,C,5.174647887,2.285530407,https://lh3.googleusercontent.com/2GzrYyPkwpsdjz_HuRVhtwP0xMlNxOXD5XwABlUjHzx-bJL7YlRfEO2Vcy0zlj7rnmWwUwDCxw=w265,050,05.17,8,2,2,8,18,32,93,88,33,23,25,10,13
Finale of Revelation,Blue,Mythic,B-,7.109859155,2.057585863,https://lh6.googleusercontent.com/TtAWfofrnnBw08fADCeFGtZFQhPyhf9mjyXD28Yzd1vAkOpVHSrQOLfru-BQEJZso3GTEGltuw=w265,051,07.11,5,10,25,43,76,75,44,36,24,13,1,3,0
Flux Channeler,Blue,Uncommon,B-,6.657303371,1.741127214,https://lh6.googleusercontent.com/gsDzJJJsrdxD51iolqNjekRrcQVLpHAtfGhkF-9M40MBPiFfcy985M0EjrEy7DQooTt7MBeOhA=w265,052,06.66,2,4,12,32,64,64,87,60,25,1,4,1,0
God-Eternal Kefnet,Blue,Mythic,A,10.65266106,1.202677224,https://lh5.googleusercontent.com/8drpnoabJLPcAlLBSOdmpMb5dRqfwwQjz40llPmAjWHrdggBvGrRwe-Fdqo18PH0RYqm9QbFSg=w265,053,10.65,74,162,76,26,12,6,0,0,0,0,0,1,0
"Jace, Wielder of Mysteries",Blue,Rare,B-,7.464589235,2.284960317,https://lh3.googleusercontent.com/BGDYVlf80U3yinQj3LCdj4dUEQG4EbjMM0eBrHhO5B2y-ZWptC0uTGCLEktRwnzAcP3B444oHA=w265,054,07.46,3,19,33,71,79,51,35,24,9,13,11,5,0
Jace's Triumph,Blue,Uncommon,C+,5.864022663,1.358342372,https://lh3.googleusercontent.com/qZv5JTFRzr8jbi4bPCNSEJLAh8gTG6W8R9gYFeNkoW-EHz_gIpvy8mHg1gE90_5l5PChgFbjGw=w265,055,05.86,0,2,2,11,31,37,116,120,27,5,1,1,0
"Kasmina, Enigmatic Mentor",Blue,Uncommon,B,7.836158192,1.456155417,https://lh3.googleusercontent.com/KLUhjBn6GWcBy5y96qMId1xGwl-l67t7JJs2IoK5SBk70EN-Djiw9Y2ogfj8rU8ZSlq_1nAHaQ=w265,056,07.84,2,12,25,74,99,78,49,10,5,0,0,0,0
Kasmina's Transmutation,Blue,Common,B-,7.04815864,1.667010545,https://lh3.googleusercontent.com/wmwD-CJmAywd62r9azfpPjLJUrh-z1cpHWOAiPYFR4uGLOPrI8Md0SH-UrB-qN9FLDSDQ1Y8Rg=w265,057,07.05,2,10,6,48,69,85,77,36,15,3,2,0,0
Kiora's Dambreaker,Blue,Common,C,4.997159091,1.478234451,https://lh6.googleusercontent.com/A0_reev-DdwhlmDpPHOoSVJ4VMmNIkaw4ovDVUWB-_FtECy7dzcVUulfOB9wq0U-sYdVWM0RFg=w265,058,05.00,0,1,1,4,11,21,87,106,72,31,16,2,0
Lazotep Plating,Blue,Uncommon,C,5.215909091,1.963767898,https://lh4.googleusercontent.com/w40sCajSKloIxw4caQaI39jdHot0qO4Fuu-PdCAQ068mOt_3rUhyeqr2nTbhZTG_3LXjWBlZ7A=w265,059,05.22,0,6,1,16,26,22,71,79,71,35,20,4,1
Naga Eternal,Blue,Common,D+,2.535612536,1.325901142,https://lh6.googleusercontent.com/vYeNW8_DMs6Vvro3KmMH0qm5nlt0jTc5BvxrJvk8wHI8qgCUEGFkx6DxNlRZI_QUENNFdpoiQQ=w265,060,02.54,0,0,0,0,0,1,5,19,62,70,123,54,17
"Narset, Parter of Veils",Blue,Uncommon,C,4.994334278,2.282585175,https://lh4.googleusercontent.com/JQdD0kr9MVCNUEPN6XMxji_k4dGvZwci0ECchpg36HuDh66U0DiOCtviKml2iq2Ct7vS6UgJyA=w265,061,04.99,1,3,4,23,21,33,52,63,52,55,31,10,5
Narset's Reversal,Blue,Rare,C,5.079096045,2.710688795,https://lh4.googleusercontent.com/TmY1ZmhtqihEEKIEoS9Y34k7oH9fzbtgcI7am1lMSqVVJrp63Q6hzNyHxhxyUCvNR11BTTRsWg=w265,062,05.08,3,5,8,21,34,47,40,46,35,42,40,21,12
No Escape,Blue,Common,C+,5.715517241,1.679539705,https://lh4.googleusercontent.com/d1Au3gGUdLCxH5pLPKAtaOTFFpXGqFBjYqhq6izpsQivuKapjYdc7n1iL37PhV37e6W3eycnJg=w265,063,05.72,1,3,4,15,24,42,90,98,48,17,5,0,1
Relentless Advance,Blue,Common,C-,4.05730659,1.580096996,https://lh4.googleusercontent.com/_FMzGJK257jolIkFJIr66VwRAH-7qeGhghMCGu3dSwhU66KHz9N5b2-4RRhyaloCEUoEaxtwKQ=w265,064,04.06,0,0,0,2,2,15,39,82,87,61,46,10,5
Rescuer Sphinx,Blue,Uncommon,B-,6.836676218,1.389296672,https://lh3.googleusercontent.com/wM3MvandJGo3RIY8Vlspf3BFad1V8mK_ANGtC8fbA6mKEiLMX5aKhCQMXfaWM5ZA1VU5vc9VZA=w265,065,06.84,0,0,4,40,66,95,94,36,9,4,0,1,0
Silent Submersible,Blue,Rare,C-,4.475644699,2.273689454,https://lh4.googleusercontent.com/B5a5zZc-IbJF-teZUI4OL7S5M0qJCHc7cpAMhhEWgBuAPdeKdASXTsxssxo5ZtyfYdEXsvgBfA=w265,066,04.48,0,2,2,6,17,37,61,57,50,40,40,20,17
Sky Theater Strix,Blue,Common,C,4.796561605,1.554152644,https://lh3.googleusercontent.com/31WkTolYs_BNqOfHv3ye7fU52tDmHIWZXm3WFsVdA64u0pxnLr2tQfqaqcu4mI2ToK2pRf2hrw=w265,067,04.80,0,1,0,3,8,29,68,99,76,39,19,7,0
Spark Double,Blue,Rare,B-,7.213068182,1.88940658,https://lh3.googleusercontent.com/VYEiH8dU_GrmShuZ9-O3RGcqdIMX3OnmXjHFyR9b8yHBK3WcJG2aE1kawACLB1_Dw7WhbcNLZQ=w265,068,07.21,1,12,21,58,65,76,59,35,14,5,5,1,0
Spellkeeper Weird,Blue,Common,C,5.242774566,1.464168099,https://lh6.googleusercontent.com/JspfjB6vC3F1XK8ysHnthfIsSK62qLshy7pzjj2nTA-EcQK9edB1GDSYc47NyGhNQP0QqVc28w=w265,069,05.24,0,0,1,5,13,27,115,93,55,22,11,3,1
Stealth Mission,Blue,Common,C-,4.395415473,1.825295335,https://lh5.googleusercontent.com/fFAkGpGy6At8gjDjyLQrG-XeUv8NZVOgXdiYLq_PFuCKXoLcJ-QhFOnll1JvKTVcxzrnVvTwsg=w265,070,04.40,0,0,1,9,11,19,48,69,78,63,41,6,4
Tamiyo's Epiphany,Blue,Common,C+,6.346704871,1.545338477,https://lh3.googleusercontent.com/OyEewgRdkONtM_bLZjWk4A_81YBZ0Mnty7syZPLTpY8EmxyK70-iFW0dCYb72HvD5gbS3HZCIw=w265,071,06.35,2,0,4,25,36,76,127,49,16,9,3,2,0
Teferi's Time Twist,Blue,Common,C,4.70773639,1.857099698,https://lh3.googleusercontent.com/PwM7B2SYIhgHC6HMQ__t39V6EkW8Nus_v4tOJQXbW6p5-x15_5hwY6FLBXpo5JnJVLs9wVltmw=w265,072,04.71,0,3,1,8,14,23,63,68,73,60,30,5,1
Thunder Drake,Blue,Common,C+,6.034383954,1.376722946,https://lh6.googleusercontent.com/aEyIARCffoYmJhUoDPLLmyuM0bjKs3cMlHDP_JGSE7htFP2gvt24j46pqr6wCY6v6FIv4zYANg=w265,073,06.03,0,1,6,11,24,64,127,80,29,4,3,0,0
Totally Lost,Blue,Common,C,4.57925072,1.662725151,https://lh6.googleusercontent.com/fTbt2pYuLOC1bqzq4BZf8jitREZM_gjrILV9NctUevtdshlVP1Zdhh4dWjI2mIjYtq8MMMZYeg=w265,074,04.58,0,1,2,4,11,16,46,105,78,54,19,9,2
Wall of Runes,Blue,Common,D+,3.245714286,2.061287724,https://lh6.googleusercontent.com/GETEEoG82xJAUWMqnstEaCGoTs5zZBZGh5YQCaxpm93yv88N8sm-jbFVkmzj3Zx5XykKjuXnjQ=w265,075,03.25,0,0,2,6,5,10,26,31,65,67,70,40,28
Aid the Fallen,Black,Common,C,5.28975265,1.4418274,https://lh6.googleusercontent.com/kjekbPjw69xtIaX4ACUdt_oxzYjgHphMBjEP8Fb15X3eif00YlpY1DSypHaGmzg-ulNwnYL4CA=w265,076,05.29,0,0,0,5,16,28,76,75,53,25,5,0,0
Banehound,Black,Common,D+,2.709219858,2.152674434,https://lh6.googleusercontent.com/KbSqU-8zk-KD0QnvlRI2MVxaSHXrL3EYL1MKnRvWZTjvWkQUOAramk1nxuh0fW4EZTCw_9KoMg=w265,077,02.71,0,1,0,5,1,9,15,21,38,44,57,44,47
Bleeding Edge,Black,Uncommon,B-,7.242105263,1.374176753,https://lh5.googleusercontent.com/RlBmqkUKYlTZXTIGZinwh0NyEYffvHUg7jP0wAA28hNkoPM7ADZc-XOBeAj1-bl3rOc3xdJ3LA=w265,078,07.24,0,1,8,33,90,80,46,18,4,4,1,0,0
Bolas's Citadel,Black,Rare,C+,6.141342756,3.120707713,https://lh4.googleusercontent.com/AVzS0e0CJGn5QcKBB18KDmpaNXu3kZjfzmlg4NltE3EMM85hLjpAI496eDbXDM2-UrgM4YQZKA=w265,079,06.14,2,10,27,32,41,38,32,17,22,16,16,7,23
Bond of Revival,Black,Uncommon,C,5.255319149,1.895506037,https://lh6.googleusercontent.com/WIUffJ6JkJDVxcUTYIlUaJRkmSv4eTN0p559OlkzwrBrFyy5eYfMKlBjcoeOCQR-IXfrJ8FMHQ=w265,080,05.26,0,0,2,12,22,28,68,54,44,30,18,2,2
Charity Extractor,Black,Common,C-,3.625441696,1.471112885,https://lh5.googleusercontent.com/EBCf_EaUENdrdWUJbBJ7ze3345jBck1a-SUXZX3gXKz5JI5QdoiaATyKsnCAPrpmkW0RmKhbfw=w265,081,03.63,0,0,0,0,0,3,20,63,74,58,41,18,6
Command the Dreadhorde,Black,Rare,C+,6.241992883,2.762985241,https://lh4.googleusercontent.com/8OUJ2voSbWGZIllDxmPtIZHy3l4NxiIQQ5uKeY3yr4-xH79WdE8_pL3KZ7gxf-BAuLPCQc769Q=w265,082,06.24,2,11,20,23,41,53,34,21,26,15,19,7,9
"Davriel, Rogue Shadowmage",Black,Uncommon,C+,6.117021277,1.768786602,https://lh4.googleusercontent.com/4q2y315gCfWk4HczyLoqroPfOXmexjhkCJExSxejlDBYswZZXnO6nJsiYNMEITS3hrZd-GBLDw=w265,083,06.12,0,2,3,20,34,49,89,35,31,10,6,3,0
Davriel's Shadowfugue,Black,Common,D+,3.386524823,1.630305513,https://lh3.googleusercontent.com/iaC6458mSIs73EFzYvHuMHSzRTBJhFqvl6uAQ1x-yo0INWC00aDrYNCXIIjd-Ueh2oaeF6yrdw=w265,084,03.39,0,0,0,0,6,5,16,38,60,64,68,18,7
Deliver Unto Evil,Black,Rare,C,4.508833922,2.458685513,https://lh4.googleusercontent.com/XpIY-NyAQEUFfre_-ObCd-TCz1_kYWjpljqwHL1CypUK4bOu8X8ePcJheq5w5VLv9eGzbOVESA=w265,085,04.51,0,3,2,13,13,33,35,35,54,24,40,18,13
Dreadhorde Invasion,Black,Rare,B+,8.74822695,1.732178306,https://lh3.googleusercontent.com/tYKhIJvZPQCtBvxRVbwEpPLEkWvp9XaMudso0cKnBlnHv_9Kv7Lf94ozFLNffFb7iCnmc4kLNQ=w265,086,08.75,14,34,45,61,69,35,16,5,0,2,1,0,0
Dreadmalkin,Black,Uncommon,C,5.343971631,1.622390872,https://lh5.googleusercontent.com/cRqH3iU-0Xf3BJhnD5LPfLDSCy2_h0O0dKnONoqTneR0m1lI0citpWLYSPlsyHr15LeMIyj4RQ=w265,087,05.34,0,0,2,3,17,37,84,63,35,27,11,3,0
Duskmantle Operative,Black,Common,C,4.634751773,1.247601874,https://lh6.googleusercontent.com/xSL_tgdiVy43toxLiJQfTQWjGWiT0By3dG589mY3tzFJywij-kYPmki4ZcVebd4IQ67tzWHX1Q=w265,088,04.63,0,0,0,1,3,6,52,103,77,19,19,2,0
The Elderspell,Black,Rare,C+,6.285211268,2.675565319,https://lh5.googleusercontent.com/_SzwdtdYGGzJB4p1lLMp5kaEXl3x-Z6G013tYa_dwMazrVrWVGzeynwl9kDARxDaYV3Vq2CirA=w265,089,06.29,8,10,10,29,37,43,50,27,17,28,13,8,4
Eternal Taskmaster,Black,Uncommon,B,7.60915493,1.214773892,https://lh4.googleusercontent.com/9QycinuhH_LQInLIX3tzyaxXPAInAILwt7vWAtr2c7n8r0DvNYMd3vJVrW3KM6Q2XuMbNEtDlQ=w265,090,07.61,0,2,7,67,73,81,48,3,3,0,0,0,0
Finale of Eternity,Black,Mythic,A-,9.764084507,1.657186579,https://lh4.googleusercontent.com/ELMNEwiAKlvri-kYA8t374rnNK1buk7llBxTTeBQafGPtcwAsSbIS5eOg_5trcjR9qKANgYWcA=w265,091,09.76,35,81,52,60,30,13,8,3,2,0,0,0,0
God-Eternal Bontu,Black,Mythic,A-,10.45422535,1.207170756,https://lh3.googleusercontent.com/PB4bXGuy7_IOQuhGIlGfJxv5glsxprE-0QcpWIHhYDLO0q1rm2-yxgbqJ_Oy9BiWlu6hfgkcOw=w265,092,10.45,51,102,84,30,10,5,0,2,0,0,0,0,0
Herald of the Dreadhorde,Black,Common,C+,6.132142857,1.091036655,https://lh4.googleusercontent.com/FACmS-YXvETINLawWw3dsR8t2eiGuVD9s_pSzZmLBZv9w8Du7C07gEMjf3aMAFpHg7PeXGX_kw=w265,093,06.13,0,0,0,6,31,38,138,57,8,0,2,0,0
Kaya's Ghostform,Black,Common,C-,4.24822695,2.317060441,https://lh6.googleusercontent.com/zZIVO5SjQdn0kNZHDPCyE2DPPBHozKqVCBzxvzt6CWi7kdOUis3B1PrQEs0U9HVfpkiZtvkZCg=w265,094,04.25,1,2,6,6,8,21,37,27,60,50,38,16,10
Lazotep Behemoth,Black,Common,C-,3.526690391,1.333697629,https://lh3.googleusercontent.com/aqI9-ie3ClU-JPGzkARnzBchBjSv0mP16nuUWo6DAsomDPnzZUKVbbdDvZs4ZhxCdWaMXNZVUw=w265,095,03.53,0,0,0,0,1,3,3,67,77,58,59,9,4
Lazotep Reaver,Black,Common,C,5.473498233,1.291751295,https://lh4.googleusercontent.com/AIHcn0yimmGtP-mXkbP84wGNXV8dYPHxyZaR-Mui5KGShW7XLAAqqJxqmzkaFv_P7oeF8-E4YA=w265,096,05.47,0,1,1,5,9,18,106,103,22,10,8,0,0
"Liliana, Dreadhorde General",Black,Mythic,A,11.3745583,0.8040165566,https://lh3.googleusercontent.com/8nlhim5swWgsRZyCwZ6zAiW0F52KXfC0GWSGP4pL1F3ABgTCLZOFmCf0xedKMeYOuFYhvEukQw=w265,097,11.37,147,107,21,5,2,1,0,0,0,0,0,0,0
Liliana's Triumph,Black,Uncommon,C+,5.64664311,2.266518803,https://lh4.googleusercontent.com/fDFOF5SuimPkMZu7wpQPl2zAKLex2E7pmPSvf04cJh8QFFdXBLjlIhmv6gXHwDugjnw7Gd4dGQ=w265,098,05.65,0,6,4,25,28,33,48,48,43,26,14,6,2
Massacre Girl,Black,Rare,A-,9.616197183,1.408160835,https://lh4.googleusercontent.com/ws53IkUN3_wfXKjSgAVlN1HTDc1Z2cUrqqoeVtI8psehuRuqc-zfql6WbDnIT3dWXVZMTvaKQQ=w265,099,09.62,18,68,76,58,43,16,4,1,0,0,0,0,0
"Ob Nixilis, the Hate-Twisted",Black,Uncommon,C+,5.893992933,2.183772996,https://lh5.googleusercontent.com/kfPITNGeD87xPt2RF7OpoumbD_7kBUtfUGdAI8Tq6LY0_Tp3ARYj7f3AnTodxZm1yYAa3eEsRA=w265,100,05.89,0,3,6,22,28,66,48,36,35,19,10,6,4
Ob Nixilis's Cruelty,Black,Common,B+,8.683274021,1.103260408,https://lh3.googleusercontent.com/15K8GbjWytoMkNTrMQvOdQ92mZZ7CDoD702A-mSxiFHfxxpi7ZTEcVEXIQfcsKc4tUxGmIsbEQ=w265,101,08.68,4,11,30,122,86,20,5,3,0,0,0,0,0
Price of Betrayal,Black,Uncommon,C,4.785211268,2.268152443,https://lh3.googleusercontent.com/soaBEIy07kPtgSKuj6Midt0b6emJpcolVkZvx5QaWamNoU1CasxyCAorZQa3TjACydI_fYTgYg=w265,102,04.79,0,2,1,12,20,28,54,38,34,48,27,15,5
Shriekdiver,Black,Common,C,4.51590106,1.392327565,https://lh5.googleusercontent.com/XgkSIJXjBtvG70YIxy2UsyA1M5fzEgtcV0VE9WuB70cPaMpyH47VtRVpFJJUV5mz4k4aDaWQBQ=w265,103,04.52,0,0,0,1,3,8,46,97,80,27,11,5,5
Sorin's Thirst,Black,Common,C+,5.773049645,1.267546145,https://lh6.googleusercontent.com/a3d5I4RTE9wrhSasIUsepjOnAF9UjDkPf-S0mk4BJ8MfxvtrA1d7EY9C7vmRpAAtfP9IsP2g5w=w265,104,05.77,0,0,0,6,13,53,102,69,30,5,3,1,0
Spark Harvest,Black,Common,B-,7.205673759,1.245734247,https://lh5.googleusercontent.com/ds0EV9nykVAVuYuNU9k5zABIF0KuuGSQdXljLuWhgkxM0FlKEnJ4bj08IT64rzqTZANFOz9jdA=w265,105,07.21,0,1,5,35,66,104,54,13,1,1,2,0,0
Spark Reaper,Black,Common,C+,5.553571429,1.39275703,https://lh6.googleusercontent.com/1y_VVv86S0JUCWU5EO__tRnZvtGNlJmqBM8tln4aNWZwmWldDA9Q8nVyURrLahDUnEeoTKdkCA=w265,106,05.55,0,0,1,5,14,32,97,90,23,6,11,0,1
Tithebearer Giant,Black,Common,C,5.387900356,1.350553936,https://lh3.googleusercontent.com/yQMrTTlNJdmGthgU5Pk-wcJ__ekyo5tgiUUpyMSO37augpiS9VfPuuut4BP3pEBagCSemRIm9Q=w265,107,05.39,0,0,0,5,15,26,80,90,48,14,1,1,1
Toll of the Invasion,Black,Common,C-,4.03202847,1.4351602,https://lh5.googleusercontent.com/3Q1tvYpBcQUb9IPgEZuFVe8BAiNpxUsfr9kH0EG9gdU516c2CJxsUjucjzEfQMPAePMwh6TJNw=w265,108,04.03,0,0,0,1,2,5,31,66,84,49,33,8,2
Unlikely Aid,Black,Common,C,4.685714286,1.37351139,https://lh6.googleusercontent.com/5OPqU9-xaC5JI5GVgT22MwXkoONOY6EccI6vgih1M19hWnVTbZc9GEqEVdQTDlExbKkNdFrEPQ=w265,109,04.69,1,0,0,1,7,8,50,92,69,40,11,1,0
Vampire Opportunist,Black,Common,C-,4.192857143,1.297344564,https://lh5.googleusercontent.com/bwO_3i504zSckvQZqxcIvZaeg0OxWHAmSZoQxubmba68QFL0tfE5urCMq7UFpC-SWrVezMWzAw=w265,110,04.19,0,0,0,0,1,6,29,91,74,46,28,5,0
Vizier of the Scorpion,Black,Uncommon,C+,6.003558719,1.4154712,https://lh6.googleusercontent.com/O8G4Mds27BfDBcxurPcAnuvzUHOczYEcKP-nFys_chIrmLqXzLRlxNqvdUl2v6-c_YeVX6mKcw=w265,111,06.00,0,0,2,5,27,67,90,55,25,5,3,1,1
Vraska's Finisher,Black,Common,C+,5.735714286,1.306782496,https://lh3.googleusercontent.com/J5mjTKuOaNx4XiXF6lOR2w7QoNApEioLepdIQZhGtj1oPQGqTOPQnWKyvkMYfhmjD3mF24FCpw=w265,112,05.74,0,0,1,5,19,42,89,92,21,5,6,0,0
Ahn-Crop Invader,Red,Common,C,5.068085106,1.192767805,https://lh4.googleusercontent.com/O_F-jCBEmE0dSnR8_VgQh3yEgTWVdjDjwn1r9BXhNCF-y_UoggCtNaUGJe4cqpVfFXBdER3F5w=w265,113,05.07,0,0,0,1,5,13,59,98,38,13,8,0,0
Blindblast,Red,Common,C-,3.62605042,1.477993975,https://lh4.googleusercontent.com/ZgmyfdfLPawcYi75M9eClWUpKMBhbjHlfzl8wvkURDnWHd7uGsmUKwyVNRGnH7tlIzAHWeUL4w=w265,114,03.63,0,0,0,0,1,5,18,40,63,59,34,15,3
Bolt Bend,Red,Uncommon,C-,3.744769874,2.026537141,https://lh4.googleusercontent.com/oSlomEM0x2vB8Lq5A0AG83aqkOEdGfRaQKevXqr5oPt5xD3zCFC9sM6D3DFeECW375YpbZksVg=w265,115,03.74,0,0,1,2,5,11,30,40,33,47,40,17,13
Bond of Passion,Red,Uncommon,D+,3.171548117,1.993652245,https://lh6.googleusercontent.com/q2amtACi-CNPOmLnmrAR8WVKmfBkR8OK181-Bmbn-pPJ6qfwe8BULiTp5MBtnbi131PQn9yy9g=w265,116,03.17,0,0,0,2,5,6,21,21,41,44,55,21,23
Burning Prophet,Red,Common,C+,5.605042017,1.338923854,https://lh4.googleusercontent.com/oyKGlnYKU5K8jpUSO_zT5iWILAh_-5ghfrw1ujDnutL82WMSzh_XFrgW0Ht4GM4VV98BQBDKrg=w265,117,05.61,0,0,2,4,12,29,78,75,27,6,5,0,0
Chainwhip Cyclops,Red,Common,C,5.033333333,1.14937373,https://lh5.googleusercontent.com/ZN7tDhjfIBaxQqxb7Q8qnK3qapYrrTEYtTFBHPNp3LxAlklPlV9i5_Vemg1hBJiOq2yeGbNWog=w265,118,05.03,0,0,0,1,2,13,69,82,57,8,8,0,0
"Chandra, Fire Artisan",Red,Rare,B,8.404166667,1.610368904,https://lh6.googleusercontent.com/kA0I6Tfss_DY0k4Adh9aTVNbPY4BRnJKIDKB3950U83sIpR4nRDTdBPBvg_BmmOm2RamLKay9g=w265,119,08.40,1,16,42,61,64,32,16,1,5,0,1,1,0
Chandra's Pyrohelix,Red,Common,C+,6.330543933,1.189744393,https://lh6.googleusercontent.com/2TIWFIeicry9kNGP---2VUoKLcYh-hp0FKgokssFNrW4joSIZVf458lpkmDd-iPr4K4fO_S-4A=w265,120,06.33,0,0,1,12,24,50,108,31,11,2,0,0,0
Chandra's Triumph,Red,Uncommon,B,7.506276151,1.140802802,https://lh3.googleusercontent.com/LXxQ4CQq94huaHZUBW_JFdm5TeUIzTde42NlWP94ApkrSEVrIW2l0iEOcSqgQwewyvUu18Uo7w=w265,121,07.51,0,2,5,30,92,69,29,11,1,0,0,0,0
Cyclops Electromancer,Red,Uncommon,C+,6.079497908,1.762696487,https://lh4.googleusercontent.com/J5SHWeyj-2erJ2fjaev24swdn2XistXKjQBBhjVVFHCOuLLIri0wnm4eOhHXV-QADjYT9vofKA=w265,122,06.08,0,0,0,15,28,69,57,27,20,10,12,0,1
Demolish,Red,Common,D-,0.7268907563,1.189347761,https://lh4.googleusercontent.com/uy0Rxy79ZV3TIdIapn8wVuLZL-pZiIjKy1-namUngnvdH96v7JCkKMW5qPLe6FW3v9NIiiEbZQ=w265,123,00.73,0,0,0,0,0,0,3,3,3,11,18,59,141
Devouring Hellion,Red,Uncommon,C,4.878661088,1.662084815,https://lh5.googleusercontent.com/CfA1_vO5kj7JdlEprz1AOXXN_-DOs5sRrEAKVa-PfNQPLZeeHkyIVtSDnlmPHCIOhnb9GES2Sg=w265,124,04.88,0,0,1,6,8,13,56,63,43,29,17,3,0
Dreadhorde Arcanist,Red,Rare,C,5.31512605,2.055522095,https://lh4.googleusercontent.com/Npmqaiu6Dwbf8EPR1w82gqHjquHe7ZSZ1IcCiXtj_zN0Ymbe4gI5CGW8Ourl4iXoKZDZWUBeBw=w265,125,05.32,0,3,4,9,16,27,49,51,39,16,19,3,2
Dreadhorde Twins,Red,Uncommon,C+,6.146443515,1.236480634,https://lh4.googleusercontent.com/cKXuBIs7ismYZN0r4VUjeNsXC2pfKR_1v2mih07lwlHVsjVEqsbpq2tu1kT0yeLfBCGXAw_JOg=w265,126,06.15,0,1,0,5,25,52,93,44,15,3,1,0,0
Finale of Promise,Red,Mythic,C+,5.795833333,2.516053755,https://lh6.googleusercontent.com/8RNdQrcWGcLnCxb9WpXXX-T8qKfoUh-nvmpmcG47vD0G0pg3XcdUbB_fmORUWXmhOymLDwPHDQ=w265,127,05.80,1,4,5,23,34,41,28,28,25,25,15,6,5
Goblin Assailant,Red,Common,D+,2.995833333,1.314540239,https://lh6.googleusercontent.com/zwF_i_PxUAh2NmuIJlPmuV0Xev5wGfwXnmFKNuWYeqjBsvgjYl3SqQi6a3GCbls-Wb1Uwf_ssg=w265,128,03.00,1,0,0,0,0,1,1,18,65,59,75,17,3
Goblin Assault Team,Red,Common,C-,3.841666667,1.503111603,https://lh3.googleusercontent.com/NWD7FhHfeIpydXRRO91k942g8dhCO8klBYNHSZfX4D4kmfK7bkUThjPtRZnEsugteB10vY5NXg=w265,129,03.84,0,0,0,0,2,1,30,48,69,43,30,14,3
Grim Initiate,Red,Common,C,4.525,1.576302012,https://lh4.googleusercontent.com/sv7I8KQmMQcyb9XOvXOHWF9Yko_fjgcFh_IgvvQzlFuuGj8XHhEZqrraDdChc6CtT1l14lC06Q=w265,130,04.53,0,0,1,2,4,9,51,56,58,33,21,4,1
Heartfire,Red,Common,C+,5.5375,1.510995266,https://lh5.googleusercontent.com/PhCfyRiHRvznIPDdGLAIBgEAhWnCLH2sv0xlAFrac1zadxUsMiGVunlbXlwZUEOCPfZmAjhvww=w265,131,05.54,0,1,0,6,12,39,67,62,30,17,6,0,0
Honor the God-Pharaoh,Red,Common,C,4.677824268,1.542387744,https://lh5.googleusercontent.com/T3Est555Yi-kgvdCaiE-kbho3cGIzIlT2GWaKTdw_i40Tf7o1n4YZ8RuI1e0Hir8g6qm1C_YFA=w265,132,04.68,0,1,1,1,8,9,36,80,61,23,15,2,2
"Ilharg, the Raze-Boar",Red,Mythic,A,10.8,1.043810207,https://lh5.googleusercontent.com/YWV6U_sIKSkCmbY5ts4zmb3fkVJQjLqxXjFSMaAhJt8AeH5qwlIiuIpwa6-sS5scLUuj-1J0cg=w265,133,10.80,64,102,44,23,6,1,0,0,0,0,0,0,0
Invading Manticore,Red,Common,C,5.330543933,1.364137043,https://lh5.googleusercontent.com/cjxvueecVAXom_01GUVvFwHYXKpZ1Y_0E5JuIMWXTn5XTGw5QjxhWmwY_iTYGzI-vLaf_-xPYg=w265,134,05.33,0,1,0,3,12,18,70,77,38,18,1,1,0
"Jaya, Venerated Firemage",Red,Uncommon,B-,6.736401674,1.737371367,https://lh6.googleusercontent.com/NN7RcsCe7fdBv5DDwkjqCpLeWfLtP3-5DwN2SCsEJcDkxbHXr17eI8S0g_6KS8ZRcX58ggNx7g=w265,135,06.74,0,2,8,26,40,65,48,25,17,4,2,2,0
Jaya's Greeting,Red,Common,B,7.827731092,1.2794002,https://lh5.googleusercontent.com/HDUmQzcx99FEWPPcr9gAK1tXa_i1riQ8275sTA5aHmbvepHO61Z5ogpo8SqqmJTTSSfQ49PI0w=w265,136,07.83,1,4,7,53,90,60,11,9,1,1,1,0,0
"Krenko, Tin Street Kingpin",Red,Rare,B,8.370833333,1.547025535,https://lh3.googleusercontent.com/tCZGr-b4ha7TcZ4wTVbLR9X6BRPTttDYmvq266ogjo_1QHv7W_2jJY0Lh6A-m2YpxGbFVI6JSQ=w265,137,08.37,3,16,36,61,57,41,18,6,1,1,0,0,0
Mizzium Tank,Red,Rare,B-,6.75,1.724788508,https://lh5.googleusercontent.com/GKK4QUTCpwsbp9_bDs11sgNMhO3qGGOkDcZ13ZeJV0ydeKVmAQzS5oeF2yXuaSIiahKT2LyBcA=w265,138,06.75,0,6,5,24,45,48,66,22,16,6,2,0,0
Nahiri's Stoneblades,Red,Common,D+,3.403361345,1.85472064,https://lh3.googleusercontent.com/wtGzgRQYdVbm08VwvMCWO12VnY3f9UQd7IZ7cFFjzEU4JdvIGx1BVJWDm48znsYee0GXdYDFxg=w265,139,03.40,0,0,0,2,4,3,20,40,42,46,44,25,12
"Neheb, Dreadhorde Champion",Red,Rare,B+,9.204166667,1.259268289,https://lh5.googleusercontent.com/9NGQ5nyCfhjancp7SNEXKMGBB-jCeBxwxUNjcwThs1gNzrY0N_5rMs4tlcLlfURPn6GD_xKNBg=w265,140,09.20,7,29,62,73,50,16,2,1,0,0,0,0,0
Raging Kronch,Red,Common,C,5.3875,1.295247993,https://lh5.googleusercontent.com/aiWbnFgeAgowiA3KrkMcpqBPlArQJme5D5psFZayJ1XHzTYSDx2xp66yQoNzHZroaB0XvVbADQ=w265,141,05.39,0,0,0,2,10,20,89,68,37,8,4,1,1
Samut's Sprint,Red,Common,C-,4.216666667,1.662701,https://lh3.googleusercontent.com/fKfYIPmmtpG_iPp5XD0uPgYw6i_hgCmzU4SXNkZpxobQTeyScIVN8DU6m3MfsCKyuVKMtDGsIQ=w265,142,04.22,0,0,0,3,3,8,37,62,39,56,21,7,4
Sarkhan the Masterless,Red,Rare,A-,9.709543568,1.468655919,https://lh6.googleusercontent.com/fya3WLnjh8E-6hJ5eBo1dg0CshDrKeuVgb7X81IxWEoz2i7XFoIxygY6AG-DszezMGKn7SwxlQ=w265,143,09.71,17,58,75,47,28,12,2,0,0,1,1,0,0
Sarkhan's Catharsis,Red,Common,C-,4.447698745,1.937138401,https://lh4.googleusercontent.com/u5aGcnQSJ00OUK4c0lKOWce9XW1ucIxMauX9LLUHMb1QheO0trDGnId49V_9NcQtYJbpiYDxKw=w265,144,04.45,0,0,0,5,13,25,23,40,49,49,24,10,1
Spellgorger Weird,Red,Common,C+,6.291666667,1.243532782,https://lh4.googleusercontent.com/cX_-l8sd8e2NZU5YSkNCSjUJKwiTNUHTQO9UHiDbOFRCBQ_LqolGV6s69jZQ7bzwWXUAq8m3kg=w265,145,06.29,0,0,0,9,32,51,99,31,14,3,1,0,0
"Tibalt, Rakish Instigator",Red,Uncommon,C+,5.560669456,1.706229679,https://lh6.googleusercontent.com/gK06sRWkuP3TWeQnMw1K4LKwF2JxZtf00ejL9hHcvrJrQjqdYx1zmN7r59y970T7piP1W97r3w=w265,146,05.56,1,0,0,8,14,36,75,53,30,12,4,2,4
Tibalt's Rager,Red,Uncommon,C,5.466666667,1.18874311,https://lh3.googleusercontent.com/fcNoThqhbBSCcIfRg_aWzFEZxGROWMO2GKsnOtEcYP6wPCnCpQTeeOknQpTue9zwbW-r9fIe7w=w265,147,05.47,0,0,2,2,6,21,89,77,32,10,1,0,0
Turret Ogre,Red,Common,C,5.382352941,1.110376608,https://lh3.googleusercontent.com/Cw5ZWexUXiQ9BG5yHBbl2N-S_jhL_4GIWJnb-y6nWBp15w5ZU-vCsS3xrwK_XRME60rkEbHfnA=w265,148,05.38,0,1,0,1,3,16,88,98,19,9,1,2,0
Arboreal Grazer,Green,Common,C-,3.504237288,2.569043006,https://lh3.googleusercontent.com/sGF-3agRWCpJ0rEbJ__hY4kX25edWNIIUtGDxvyzuhUkdplxFnIvqQCzkvB6dBoYekuC6hK4Vg=w265,149,03.50,1,1,2,8,6,7,33,20,33,18,50,31,26
"Arlinn, Voice of the Pack",Green,Uncommon,B-,7.0625,1.918924145,https://lh4.googleusercontent.com/9VqiaGkGW1AzdXExhGmQ9e4OzDt2dJJrm3tn8I30oJ1Rxr5iwdyfbT3SzvX1Q4b8cTZ3isbsgw=w265,150,07.06,0,3,14,36,54,54,35,25,9,3,3,2,2
Arlinn's Wolf,Green,Common,C,5.393305439,1.13579885,https://lh5.googleusercontent.com/CpSH14sJteP5HEtTB4bLR50wBtW-fEZVBoteGO9hNBWoiiv3XzgUYo6AoRGMxDO0EPhOGHcYgA=w265,151,05.39,0,0,1,2,5,14,89,92,26,7,2,0,1
Awakening of Vitu-Ghazi,Green,Rare,B+,9.075313808,1.45614368,https://lh4.googleusercontent.com/h8CBDH2alCDE8cxiYSGbU3kbwyx9dVSS64_-zX33oH8Xdjh03CD3-luhxwHkkN13hsGxOPIMVA=w265,152,09.08,10,33,48,62,54,28,2,1,0,1,0,0,0
Band Together,Green,Common,B-,7.364016736,1.262468144,https://lh4.googleusercontent.com/6DZpEzsFwUwixZUhVwlTm1CEbC6Gzj3aAtoCO7kAPdRExgwRzQbG9XhV6CgqX5mjJVhJlwO_IQ=w265,153,07.36,0,2,5,31,77,71,37,11,4,1,0,0,0
Bloom Hulk,Green,Common,B-,6.937238494,1.156019281,https://lh4.googleusercontent.com/dOrPS18Xs3deJhZkaI74syULhhUrKECUWSONmz6c9FXtE0efzOsiYULgdz3B5XmnDAM20WuauQ=w265,154,06.94,1,1,2,20,40,80,80,15,0,0,0,0,0
Bond of Flourishing,Green,Uncommon,C,4.889361702,1.812967775,https://lh6.googleusercontent.com/UGypIy__sZ7ejRT1SOex7f9WVU23wPBrfTHSnwnrHRwD3_VB_TA1A2RrVo_C5YJYpEKPf6_WWg=w265,155,04.89,1,0,0,5,11,20,49,51,50,29,13,2,4
Centaur Nurturer,Green,Common,C,5.407563025,1.311208395,https://lh6.googleusercontent.com/bFJSROV9n3burGcVIz5lvMC6Dpep6kJE2yAbR9b_yS8_VYibW7B-kKTwtW4DsuXwK5p9dZlAAw=w265,156,05.41,0,0,1,2,3,30,91,63,29,11,7,1,0
Challenger Troll,Green,Uncommon,B-,7.097046414,1.354164844,https://lh3.googleusercontent.com/17YBdJzN7I48Ev1zHIUPaRnGDJd7Bj8-xlqR781C--2GjB59M_NqEiNqvuey_O6nZ0j6Oamu1A=w265,157,07.10,0,0,7,25,56,81,45,15,5,1,2,0,0
Courage in Crisis,Green,Common,C-,4.430962343,1.50992637,https://lh4.googleusercontent.com/xjyucTQEBqbFAOwUqUWes8npIEHXTe-oAK6kj2eHtfhrZcfHyrmE0rLE2z9eD48a1qLpGYa4Aw=w265,158,04.43,0,0,0,1,7,6,38,68,60,34,18,6,1
Evolution Sage,Green,Uncommon,B-,7.305439331,1.504479207,https://lh3.googleusercontent.com/xT7QKrjDmULI_8bRkDskfXwxPSpqv3SKxSAcxEfbEH5YcHD8mVaxvpQq5g_DZ0DG-cG4Te_jaw=w265,159,07.31,1,3,12,31,58,65,49,13,5,1,0,1,0
Finale of Devastation,Green,Mythic,B-,7.441176471,2.523038546,https://lh6.googleusercontent.com/bQvAiRxZBkFWuqwVq2JfCaU0vQn5Za7im7BbZKQVtH4gWLamtgtmQkgNVJaQ07TQ0LVEMMUkPg=w265,160,07.44,6,23,23,36,36,36,26,19,15,8,8,1,1
Forced Landing,Green,Common,C-,3.780590717,1.799941992,https://lh5.googleusercontent.com/lT-x7NePk8UrzstExQo2B4SW5ab6e7jPgPH1gFKUSP-TrOaK9U7Qrzf0UGpoIPydgAQZYn8aZw=w265,161,03.78,1,0,1,1,3,5,28,42,36,66,38,10,6
Giant Growth,Green,Common,C+,5.915966387,1.46451606,https://lh6.googleusercontent.com/ZpGvSYjlOJ7-v54MsS8fzBZ-i0xFffkTUL_1IfkdPbDk8hajAIU9R-bmmswFcplpph2GsisU2w=w265,162,05.92,3,2,1,4,13,36,89,61,22,7,0,0,0
God-Eternal Rhonas,Green,Mythic,A-,10.40336134,1.297965482,https://lh5.googleusercontent.com/OjzN6GW0Xc9w3bkeYx6eUWLi3bjtNiA-BLAIXiwcG2RakilL0E5Tdnv0gONQDeSq74HUaYloUw=w265,163,10.40,47,86,52,30,16,6,1,0,0,0,0,0,0
"Jiang Yanggu, Wildcrafter",Green,Uncommon,B-,6.89539749,1.61191068,https://lh5.googleusercontent.com/N2Gsg2nZY8hu0awGrK3fZg5aSABeHX_QE8x5QhY2pP7rhS3IxnLSIXAggWMABUvFY_kQOK54Hg=w265,164,06.90,0,1,10,24,53,61,46,24,15,4,1,0,0
Kraul Stinger,Green,Common,C,5.327731092,0.990326577,https://lh3.googleusercontent.com/oiVB6kiVYsKTlmBQsXU67TzpkJBZjjRl8kW5rdFwJZPB6qOU-E9rHKrcQUlVfE7awo91rwk4TQ=w265,165,05.33,0,0,0,0,5,19,70,106,34,2,1,1,0
Kronch Wrangler,Green,Common,C,5.327731092,1.052297015,https://lh6.googleusercontent.com/1HzU2EfjG2BLNJwOobJ8U0MCRJBCGjNThr8iuFxOfVAgmuU8VjeaGoB5fQXXWSx10V-7NGwNHg=w265,166,05.33,0,0,0,1,3,24,71,96,33,9,1,0,0
"Mowu, Loyal Companion",Green,Uncommon,B-,6.911764706,1.348771998,https://lh5.googleusercontent.com/vnrK3_58EEGgQUuW2h0k7APShgl8X5hruPgp32RPJ4i_7mYo5RgQOBjRusj_YPsWMrOFBbFACw=w265,167,06.91,0,0,6,29,37,67,69,28,1,0,0,1,0
New Horizons,Green,Common,C,5.016806723,1.537070441,https://lh6.googleusercontent.com/aQhc-EhLc3PV1GWvzfmg5sxbrqPJKVGxEUVIeKea84wckE-SrlZgHiIshWnnWDgxwRNVeGw5kQ=w265,168,05.02,0,0,1,6,10,11,53,72,52,24,7,1,1
"Nissa, Who Shakes the World",Green,Rare,B+,9.18487395,1.553362416,https://lh4.googleusercontent.com/JH7eJBEklBV3cW3QntPfdkhREVBlDuOx1ZDtNflYTpBir84K8UeGs0t-BarU7bDikt9jlZe4Mg=w265,169,09.18,8,44,55,57,42,22,6,2,1,1,0,0,0
Nissa's Triumph,Green,Uncommon,C-,3.711297071,2.419354294,https://lh4.googleusercontent.com/pIjh_2BbBLCp9jOWXojgLrKfpWaw-hDhA_Uaw6EDT84uY4yETjyD4_Rsax0ecBMkPSGZhaA-pA=w265,170,03.71,0,1,0,9,13,10,18,32,31,42,44,15,24
Paradise Druid,Green,Uncommon,B-,6.907563025,1.269516647,https://lh5.googleusercontent.com/1_UGHdbNjN9Cz5ONKa92kphF8jvltH96Hu2R0x6ya5nnwJ_RqBXO8yzhmCiAHrlDlxMsADRjHQ=w265,171,06.91,1,0,3,19,49,76,65,18,6,1,0,0,0
Planewide Celebration,Green,Rare,B-,7.185654008,2.119153196,https://lh3.googleusercontent.com/LeNTfG2hPUVy-yE8dDGIeJ-BkORlAD82kAFS2UdOMNIHYEh2NB3TEhMlTZYKOIt2XPLhMmfcrQ=w265,172,07.19,3,9,18,28,52,51,34,15,11,9,6,1,0
Pollenbright Druid,Green,Common,C+,6.163179916,1.21723613,https://lh6.googleusercontent.com/gXWrR0V1B6FMolHLZOZ2Q12ts2mT6GN9EFIY8sHrcRl7uLZxcShuC5y_xgbpfK9pgXjNlXj2Tg=w265,173,06.16,0,1,2,7,26,28,113,51,10,0,1,0,0
Primordial Wurm,Green,Common,C-,4.054621849,1.470224754,https://lh3.googleusercontent.com/3Lm1l2Ht38sftEQfE1IqVLt4bre1HQ-T50tVCeVnwXoKFWkMkRJk-1gTs54d6AnPYRaMja85uA=w265,174,04.05,0,0,0,1,2,6,26,59,63,39,37,4,1
Return to Nature,Green,Common,D+,3.359832636,1.769316434,https://lh6.googleusercontent.com/pmUjHZfGt03Xj_9nzWLYpEd55pJndYDkqDOiNjxYmG-Hfy4c9YuR5rsDo3Dsn-3yLQ0NFaBDIA=w265,175,03.36,0,2,0,1,3,3,12,37,39,64,51,20,7
Snarespinner,Green,Common,C,5.24789916,1.194879987,https://lh5.googleusercontent.com/H-7UauGI-INYpteSUpHgWcqFZfgExjRcOEJqyoqf8qAnITqB97THjpbZI0T064jlRax1VRMVpA=w265,176,05.25,0,0,0,4,5,11,78,88,36,13,2,1,0
Steady Aim,Green,Common,D+,3.360169492,1.490945143,https://lh4.googleusercontent.com/fjFJp1UsRfGkgFe-SG2r-M8J1OSSu-YyWX50WMnjxj0y_gZrWQ-XTM5giHA3dOeEFxYmpDjdjg=w265,177,03.36,0,0,0,0,1,2,15,40,44,64,46,21,3
Storm the Citadel,Green,Uncommon,C-,4.151260504,2.042331155,https://lh5.googleusercontent.com/1HhBOlDlU9E_oFSbtPZQNQoIaphh2FICq5qJJCyIYStrhxINebcZql1iw3mGN3Y__XalbmsuvQ=w265,178,04.15,0,0,0,2,10,22,23,55,31,42,30,13,10
Thundering Ceratok,Green,Common,C,5.456066946,1.211445249,https://lh6.googleusercontent.com/AQRlBw3BNvz7jotm5QqxU8UsokvwnR1HYmCjO84zkXV99kUxO_ORHX14Uc8gsZYbhZa_YeLspA=w265,179,05.46,0,0,0,2,8,28,80,79,30,7,5,0,0
"Vivien, Champion of the Wilds",Green,Rare,B+,8.542016807,1.555010727,https://lh5.googleusercontent.com/JdLY_jLOGU9PidxeWjn5lcv0cHFx1cut8E2-nYDpZomcekhWrS9Oq568Yr8tpK-reXMH-q4T2Q=w265,180,08.54,5,23,31,66,51,45,11,4,1,1,0,0,0
Vivien's Arkbow,Green,Rare,B,7.637130802,2.388880712,https://lh4.googleusercontent.com/QbphMBXAzjdYoI-2tnH63fDLfM2BPhopeKIAR7blMFNce0-lWqXwidTln6lZCx5s1YD1SKwExA=w265,181,07.64,7,13,24,51,46,38,23,7,9,8,8,1,2
Vivien's Grizzly,Green,Common,C+,6.101265823,1.386327945,https://lh5.googleusercontent.com/W48A1_8ZlMM41JwrApLUl1y-K5-HGiWWCuPfM6vL_Hu1tZ7vh2kwA2yyptMTs9HiRGNTALO5nw=w265,182,06.10,0,0,0,11,24,46,90,44,11,7,4,0,0
Wardscale Crocodile,Green,Common,C,4.7125,1.439378207,https://lh5.googleusercontent.com/zsgRUXepHFvxGVL-5PDdgbBeW2wP_AXUYy3u-9E6bHma1GeAOiXDEwEIKWxJT05Y3lyC5I6Q6Q=w265,183,04.71,0,0,0,2,4,12,47,81,53,20,18,2,1
"Ajani, the Greathearted",Multicolored,Rare,B+,8.771126761,1.683555089,https://lh6.googleusercontent.com/j3AHknqK-LtV66hT1aHPXxZydL0nX6441MvYjnPjZrkAwByk9anfzEd1YDFScscovItQ3SuGYA=w265,184,08.77,8,37,49,83,45,36,12,11,3,0,0,0,0
Angrath's Rampage,Multicolored,Uncommon,B-,6.913669065,1.913214598,https://lh3.googleusercontent.com/_eOFQSTqxU_ZhaIvM9U8gPpSOMtlcxXJ41GahCKELxYA7Ysc6FroZUYV8T5JKxmA4NYcqHn20A=w265,185,06.91,1,7,6,39,61,55,60,18,15,9,5,2,0
Bioessence Hydra,Multicolored,Rare,B,8.029090909,1.733911734,https://lh4.googleusercontent.com/XB_TIDc_V2pFEGTT7QkglY8NIfvtDWozHFsx7hT76JGc-jjosTj9gITwqFvEqHiwk7MEkpYRyQ=w265,186,08.03,6,13,30,60,69,47,33,11,4,1,0,0,1
Casualties of War,Multicolored,Rare,B,8.155797101,1.809370282,https://lh3.googleusercontent.com/r9Egdjk8Cu_cCW7J78xEvdnFMMtcSCcjhaKELtLWQWGld69ujwx11apvnAyadpexOwhPG-JytA=w265,187,08.16,6,24,27,66,57,51,26,8,9,2,0,0,0
Cruel Celebrant,Multicolored,Uncommon,C+,6.275362319,1.661404076,https://lh5.googleusercontent.com/yedegXX-nXj2e3NZap_k_vjJf0WIAVohWxCU3knHugFmpiPnBORuYdxnaq3YkpMxf8jWOtwtuw=w265,188,06.28,1,5,2,9,33,72,83,35,22,9,3,2,0
Deathsprout,Multicolored,Uncommon,B,8.252707581,1.254427621,https://lh3.googleusercontent.com/ugC15r9r0ri-liRddZSh70da70WXJMPMAZInMbD0DezvJh8M4ZmC8rfaapPOoHIt9AF6nHJl9Q=w265,189,08.25,1,10,17,96,88,46,13,3,2,1,0,0,0
Despark,Multicolored,Uncommon,B,7.949090909,1.473967872,https://lh3.googleusercontent.com/m1tVw5GGmOh4JmrP-dWYvgph-xrNkEwAKThKoy1MjddAYjP4v3-5GCdwZD2oS6PdCK0jHy2yjg=w265,190,07.95,2,7,21,74,75,54,27,11,2,2,0,0,0
"Domri, Anarch of Bolas",Multicolored,Rare,B,8.406593407,1.499838388,https://lh4.googleusercontent.com/J7JDGfXG07LCY_do7E2gTYIXxzTAu4pP4mHHfRRb4Qm49tGNrVgVFyzlkuZhANEYjoKCEJMBzA=w265,191,08.41,1,23,35,75,72,38,22,4,2,1,0,0,0
Domri's Ambush,Multicolored,Uncommon,B,8.076086957,1.309270684,https://lh3.googleusercontent.com/w3ATN4ApVJLt6rQlDDzS3YolRuj4N-wqjJSeYa7Yz_55foox5gUrUQg3XqEkofioCiWF1eifyg=w265,192,08.08,0,7,16,87,93,39,28,4,0,0,2,0,0
Dovin's Veto,Multicolored,Uncommon,C,4.602189781,2.527242548,https://lh6.googleusercontent.com/RYtC2nf46RFoItAwCK-D2Wn0c20VRX7ofYLd-tAFfRqPRjgRwt41-D7w8jJMOUc0P5lS6WBhWg=w265,193,04.60,3,5,2,12,16,18,34,37,47,41,37,14,8
Dreadhorde Butcher,Multicolored,Rare,B-,7.044280443,1.722905207,https://lh5.googleusercontent.com/7x1pIOROXpNHuR2db4Ihtg6h8TokzmlKH_j2tlyaC2PqVmKp6oi2VBNpDANLivfvRikvdam2Ww=w265,194,07.04,1,7,9,34,58,59,57,30,10,3,3,0,0
Elite Guardmage,Multicolored,Uncommon,B,7.853479853,1.191482014,https://lh4.googleusercontent.com/yDhVYgQbkQFSjdSqLEhJirG7N0iCvnAj81FcNc8PAe2fZGltWwdbM3rR9kunbYXCHegQR0xrRw=w265,195,07.85,0,3,12,65,97,63,27,5,0,0,1,0,0
Enter the God-Eternals,Multicolored,Rare,A-,9.697080292,1.424353416,https://lh3.googleusercontent.com/g2mtTBlVwF3JIcaQUu3T0eMmda8ddnxS7oWa7-M1W_DkgsuaMBTElyD2XJnP77YTNkC--81MfQ=w265,196,09.70,22,65,73,63,34,9,6,2,0,0,0,0,0
"Feather, the Redeemed",Multicolored,Rare,B+,8.930909091,1.530334719,https://lh3.googleusercontent.com/U1KenTqXibnWUA6fDE2QLX5NMgtGAecoVlUqfIwl7REwV56Yi3ovznYDMxe3fPrxuRNHkfH-kQ=w265,197,08.93,8,38,54,68,63,28,12,2,2,0,0,0,0
Gleaming Overseer,Multicolored,Uncommon,B,7.748175182,1.330983397,https://lh4.googleusercontent.com/gqP1m8Fvde0ROXVyyivWVY4ih-vi3Wg1LEUWDpJ3BqkzGXj5ddEm2sEKavYa2Gmwu0mvzdnrqA=w265,198,07.75,2,4,14,53,87,73,31,6,3,1,0,0,0
Heartwarming Redemption,Multicolored,Uncommon,C-,4.160583942,2.28463117,https://lh5.googleusercontent.com/L_TB608t9kSZIMcLWvFgG_t6DjU_azghEdW7fBmAlvmsiqlWwLDPagv7OKutVjK49Mah8dQUUg=w265,199,04.16,1,1,0,5,14,16,37,50,47,41,25,15,22
Huatli's Raptor,Multicolored,Uncommon,B-,7.061818182,1.246819444,https://lh4.googleusercontent.com/N2oY8twLIgjJdqFWiIFa0H0ebKU9aw4Zh9MRyTspSihnamsgDWOzSbFgLYR32WoxcVQyOA-XSA=w265,200,07.06,1,1,2,35,52,85,83,13,1,2,0,0,0
Invade the City,Multicolored,Uncommon,C,5.452554745,2.125963011,https://lh3.googleusercontent.com/GfRtIGtyoDn0p7fke3ttt1T3i9_epVeF4nTb1F_13CqcqMIaGiFZM4TxtXTonMjvPupnso5FkA=w265,201,05.45,0,2,6,10,28,39,53,46,40,32,9,3,6
Leyline Prowler,Multicolored,Uncommon,B-,7.474452555,1.258409322,https://lh3.googleusercontent.com/qy6khNEhm7_GQVJMLFE7O6oYunn6jT76KbMfjVf3FeV9eoJvphVRK1ocrC5jN4wrCrpcTVFrPg=w265,202,07.47,1,3,7,43,77,87,45,7,4,0,0,0,0
Living Twister,Multicolored,Rare,B,7.867647059,1.962033825,https://lh6.googleusercontent.com/E2yaRSRx4sE8_69hRPUlwk4tW0LEso6L2lTKNvsmPutLSs7JL0TdACmldoDu6oN3ZLS-OstG2A=w265,203,07.87,3,15,29,57,72,45,25,10,7,3,3,2,1
Mayhem Devil,Multicolored,Uncommon,C+,6.175182482,1.297491579,https://lh3.googleusercontent.com/ia1j2NH-xyF7HlE8_v-iCHQmYvf9IvmrjflZJmt5DF_L4GSTgFyTp336ag3qcyGz4KnSFEsOPw=w265,204,06.18,0,0,0,8,32,62,104,46,15,3,3,1,0
Merfolk Skydiver,Multicolored,Uncommon,B,7.551094891,1.314590803,https://lh3.googleusercontent.com/ljQJL7I2z-UduL-sxjTMExQYNsuNSO4-I9ha1gvPptsszwRt_PqJES31XLZRSrXBMOihJqMtwg=w265,205,07.55,0,4,9,53,77,75,41,11,4,0,0,0,0
Neoform,Multicolored,Uncommon,C,4.678832117,2.618430888,https://lh5.googleusercontent.com/GY0yru0vuxeAR1qXTcbBnBaht2Vyh1tIYpWu34qo1Y2sIE4QhVKRyCgFnTHr8SWkpfctmH0MQA=w265,206,04.68,0,1,1,14,24,37,40,34,33,27,22,17,24
"Nicol Bolas, Dragon-God",Multicolored,Mythic,A-,10.42960289,1.587858434,https://lh6.googleusercontent.com/Epc-rR4UrjFPpn-Ss10-A-hDoptZxPRXeetu2cvsAs1F7Fe2Cgql2uOSLhFAMKeSWxFTnP-Jog=w265,207,10.43,83,72,63,29,13,11,1,3,2,0,0,0,0
Niv-Mizzet Reborn,Multicolored,Mythic,C-,4.163636364,3.461802178,https://lh4.googleusercontent.com/rLrl6Fy-1zSrIHRRAkdoETX9G-eFyRJn8bfcQJi7TePeOtqKitI7Nm-u63J8pP1lTI3gcnCbjA=w265,208,04.16,3,2,16,18,26,19,16,21,14,28,32,19,61
Oath of Kaya,Multicolored,Rare,B,7.941818182,1.699150809,https://lh3.googleusercontent.com/Fl5p_WerSWWmi4-OoVc49ksPV_4iIEKajmoatDlra0p2Fl36pyIhxzOihvqFGw39BVhkP3BKVg=w265,209,07.94,1,15,17,73,78,54,15,12,2,5,2,1,0
Pledge of Unity,Multicolored,Uncommon,B-,6.810218978,1.72264745,https://lh6.googleusercontent.com/Ba2vKWFRcT3Vn2lqKqgR0QTQUob9wwujVUjzlklPaggb4j0X9caZ7UdUN6QGsMLGcADRyp_f7w=w265,210,06.81,0,3,5,37,53,61,64,26,18,3,2,0,2
"Ral, Storm Conduit",Multicolored,Rare,B-,7.373626374,1.932586378,https://lh5.googleusercontent.com/D-G-2obeoQ9p7mSNm2dpRSdiZlNevunQWQuK1UYZoyYckRYOANEqoOI8FYSD1WjtcnvJFOxqJw=w265,211,07.37,3,9,24,41,55,54,46,23,11,4,2,0,1
Ral's Outburst,Multicolored,Uncommon,B,8.153284672,1.355442217,https://lh3.googleusercontent.com/GKzX60zvtwIJOGy8jC2Ra9gf3N1mAWlD4_YP0_ecygkMNJcjnTm0Rk_tii_zCzZ9ICpr0YUCng=w265,212,08.15,1,5,21,94,85,40,20,3,3,1,0,1,0
"Roalesk, Apex Hybrid",Multicolored,Mythic,A-,10.23076923,1.286898829,https://lh6.googleusercontent.com/YYjgBHnihqirhXKeDWId8MTHqie-Vlh0l98mRTjBhYoi-mXwg15Ba6JOPQWVlDrQXFpoRNm9Tw=w265,213,10.23,39,90,78,41,14,9,1,1,0,0,0,0,0
Role Reversal,Multicolored,Rare,B-,6.63003663,2.27811979,https://lh6.googleusercontent.com/6TDow-4RuybHCKMy3IJljCMoxGjpeZa0XixwPeS1P3WdyUj4SohmBnfYfuW8k9WXuazh5cUCGg=w265,214,06.63,2,6,12,35,46,58,42,24,19,13,10,4,2
Rubblebelt Rioters,Multicolored,Uncommon,C+,5.835164835,1.511697548,https://lh4.googleusercontent.com/7SZBAL9vfDfsM5GB275UtWYMZv7VepRrepcwPgNUy7kfU1cqoWx-Z8IOhvYK4BquACxTVxD8Wg=w265,215,05.84,0,1,0,8,24,50,88,56,31,9,4,1,1
Solar Blaze,Multicolored,Rare,B,7.527472527,1.990828194,https://lh4.googleusercontent.com/JGmGCxXO8W4amtGsAl_kbRfw5EY2f4t5lYorHEOfM1B_JlLJMOGrGiBZDiEkJoRhgreHapKMIg=w265,216,07.53,1,11,27,56,48,61,29,20,12,3,3,0,2
"Sorin, Vengeful Bloodlord",Multicolored,Rare,B,8.430656934,1.658789975,https://lh3.googleusercontent.com/IxvAT1sxjuExGzD7t8z6InmwOUoTEbjIrj77HaWvrDPpYj6qpYaI03kD_idK3gjpaVsWlESyfA=w265,217,08.43,4,20,50,66,64,34,24,9,2,0,0,1,0
Soul Diviner,Multicolored,Rare,B,7.889705882,1.422916262,https://lh4.googleusercontent.com/qN7l8-FoVf9r23wUaubVTQw0KNeWBP-KD1l2ab8iX0jJ3FI3v2kYLoY2he7dFDalZh8YQhYdqQ=w265,218,07.89,0,8,21,63,81,57,30,8,3,0,1,0,0
"Storrev, Devkarin Lich",Multicolored,Rare,B+,8.937728938,1.286155626,https://lh6.googleusercontent.com/zmWq4DLi4RW-z8dwzFRl4dElexMM08e5lKUGQDCVaMczuJDDMpVKk1Ji4DOe-xoLSufiY3vSPA=w265,219,08.94,3,32,44,103,60,22,7,1,1,0,0,0,0
"Tamiyo, Collector of Tales",Multicolored,Rare,C+,5.816849817,2.301567952,https://lh3.googleusercontent.com/BYLcrm61U6zruBGz-WnS4aag0bYZiHu-mVjhuEhtdWLt6vk5xF2wkG_wi0zRiDhjtstFa1KxXQ=w265,220,05.82,1,1,9,20,33,54,40,35,38,15,18,5,4
"Teferi, Time Raveler",Multicolored,Rare,B,7.563636364,2.128736615,https://lh4.googleusercontent.com/McrG2RPSMOocmn32rjJs5NK7tuVzq0wB37VwJ1tgJJAumbeLaKB9p9qIv1GZ3ZbFH7YDS5uOrw=w265,221,07.56,12,13,18,42,60,52,39,16,13,7,2,0,1
Tenth District Legionnaire,Multicolored,Uncommon,B-,7.183150183,1.346076121,https://lh4.googleusercontent.com/qwLvMiGXUf-OA6jt0-nyPTogbRlMlvYBD_sIxRZ1nGyBr7l_-dOZrcrFIOXL61WsMEXG3RgR6Q=w265,222,07.18,1,2,5,38,61,82,58,21,5,0,0,0,0
Time Wipe,Multicolored,Rare,A-,9.586080586,1.473075896,https://lh6.googleusercontent.com/1bVRjsAFbQbqpTkQwUmQO1kcsNzigxL92nXoq3p7caLyPHqHB2dxl3hyP9lOjeWfG7f4hNyl1g=w265,223,09.59,20,62,67,65,40,9,8,1,1,0,0,0,0
"Tolsimir, Friend to Wolves",Multicolored,Rare,B+,9.270072993,1.477566803,https://lh4.googleusercontent.com/dGaFfQsR6MIe1IqfjcXkDTb7cxgG4TUaYbWUmozcnG5wWZCmvxDqJzQs6Pyjj6XMFXS54RcDFg=w265,224,09.27,14,44,61,82,45,17,8,2,0,1,0,0,0
Tyrant's Scorn,Multicolored,Uncommon,B,7.978181818,1.345266222,https://lh3.googleusercontent.com/ht_MrxIVzhBppK_ZtWkmyP5_cK7f2aHH8Qv3VdxyIUi26z6j5n_X0fa8bXgYrwZ0FUj0gpglBw=w265,225,07.98,2,14,12,56,93,68,24,5,0,1,0,0,0
Widespread Brutality,Multicolored,Rare,B+,8.609489051,1.483999309,https://lh3.googleusercontent.com/Pl7iw8mmJoRRaIKynIThmF1v2qdk6B5oiMKGLsfhxCsfxziXrgG6d7b23yJ47xqa_5jBEhigrQ=w265,226,08.61,3,20,46,88,66,33,8,6,3,0,1,0,0
"Angrath, Captain of Chaos",Multicolored,Uncommon,B,7.712727273,1.401648475,https://lh5.googleusercontent.com/-SxJaemI4FmHzLWP7M3CI8tIk8AkKBWCKInuZbifavsUlPS9YLAQCi-7GRGrTVgTV8pvjsMSnQ=w265,227,07.71,2,4,11,67,80,52,43,14,2,0,0,0,0
"Ashiok, Dream Render",Multicolored,Uncommon,C-,4.231884058,2.844554236,https://lh6.googleusercontent.com/N1kBtS8mMdFpV2s_3okZXttvQOls8ZDq8gqltuJGXXO6lNDL6Gv06gBD3UzXHxNemf8vkQ544Q=w265,228,04.23,1,4,2,12,26,20,30,28,28,38,32,26,29
"Dovin, Hand of Control",Multicolored,Uncommon,C,5.130909091,2.329818821,https://lh4.googleusercontent.com/LDe8pQO5oXPGr2GJMvw30iNL4HCG0laZWB-NywWxPKDHm3x63rlhTn6ihdyo5uZNAVzTdvVXdA=w265,229,05.13,0,1,5,15,30,25,43,44,50,21,25,9,7
"Huatli, the Sun's Heart",Multicolored,Uncommon,C-,4.043636364,2.187786572,https://lh6.googleusercontent.com/9tVWFmHBhiAFxe8R3wsS80MIH2XiGsR4Tu3aBdP_uFxxaVo8C42IuC43F28c3VhNLsTlJydlTg=w265,230,04.04,0,0,0,7,13,21,26,46,42,50,39,16,15
"Kaya, Bane of the Dead",Multicolored,Uncommon,B,8.02919708,1.811407102,https://lh6.googleusercontent.com/Ozykj7gJKa11x7RURQfwWCs84My38xTDshZf5S9RNEUMFKRDTPNTYHIb1MSJm4_HV50VBZytkQ=w265,231,08.03,3,18,27,67,66,47,27,8,7,0,3,0,1
"Kiora, Behemoth Beckoner",Multicolored,Uncommon,B-,6.816176471,1.653363812,https://lh3.googleusercontent.com/znGCuH9iSzbAB2iv043QUUsLCyBv4Zua_Uey-H4OYFc0mY9YtEv72y3dwf5IJVRo1lHSNPwXEA=w265,232,06.82,1,1,5,34,56,67,53,31,14,9,1,0,0
"Nahiri, Storm of Stone",Multicolored,Uncommon,B-,6.857142857,1.666526605,https://lh4.googleusercontent.com/1PO-QuQUzSQo7a6deQf_bYpc3PEH_-bDahTDGgjDbr6XmlFXlCmI7a3Nl-dySL9Ckve9H_6iIw=w265,233,06.86,0,5,4,24,66,70,62,19,15,4,1,2,1
"Saheeli, Sublime Artificer",Multicolored,Uncommon,B-,6.871794872,1.90250688,https://lh3.googleusercontent.com/UFZWrNVzNoWElemT5p4T-k0y6jINURzNBS0U29dw5KwF8uYkZDTvllL-eIEAo7sidkbgXsQQlQ=w265,234,06.87,2,2,10,39,56,56,51,27,17,6,5,2,0
"Samut, Tyrant Smasher",Multicolored,Uncommon,C+,6.228782288,1.767835565,https://lh5.googleusercontent.com/NdcepwFVFnNKrib-xILek-dxtFvnXxoWoikteg6Z1W8twKS595vtFuDgjOvgSA7mWiYFXa6dUw=w265,235,06.23,0,0,4,23,34,62,63,48,19,10,4,3,1
"Vraska, Swarm's Eminence",Multicolored,Uncommon,B-,7.308823529,1.625510222,https://lh3.googleusercontent.com/F_fFUxOkfyx68GVB4J8yuR-mtcQAIkMyWgx-KuCw_U25CvOusm8vBOBnKi0gcHVezcYtkkYqJQ=w265,236,07.31,1,3,12,45,71,67,38,21,9,2,3,0,0
Firemind Vessel,Artifact,Uncommon,C,4.691119691,1.762320501,https://lh6.googleusercontent.com/CC7DAq93CoRwYnrESxeYdOg0j_cEyOc7_Y_BD9Aaki7N40gHKe3gherHowmaVczMCI_hFlOyRw=w265,237,04.69,0,1,0,3,14,17,44,61,52,44,17,3,3
God-Pharaoh's Statue,Artifact,Uncommon,C-,3.611538462,2.569321068,https://lh5.googleusercontent.com/yfC1l47EgybYtww4aWJfuadtKJSsTHttNDdVfLXjrWCipXJfg62KdbhiB373898qN8tWp3xGew=w265,238,03.61,0,2,5,4,12,13,24,24,41,34,45,24,32
Guild Globe,Artifact,Common,C-,4,1.805740953,https://lh3.googleusercontent.com/xXLvTx702bQNz4_wt4H10L-RT-AYwKoNhdGy2ffXg2fAK4p8Aj6eJSToKfJxeAtXYF4nzPemZg=w265,239,04.00,1,1,0,2,3,7,33,51,58,52,34,9,7
Iron Bully,Artifact,Common,C-,4.015444015,1.465280649,https://lh4.googleusercontent.com/tcro9kJ2ZM6jvKPeiORvM9S356q3SgA4rapjZfQkM-hyQtCWV2u_ZIKLHhFB4k-Tv-St4N2crg=w265,240,04.02,1,0,0,0,2,5,23,64,77,46,33,7,1
Mana Geode,Artifact,Common,C,4.57751938,1.603679636,https://lh5.googleusercontent.com/-HXvtwHpC1WcZrr-b45uV8Kmomw7ka9dS4xpiOhx1i42SzffbdwSNWe75gaKRGc0wacHoIeQVw=w265,241,04.58,0,1,1,4,7,9,39,67,70,41,16,1,2
Prismite,Artifact,Common,D+,3.26848249,1.554321984,https://lh3.googleusercontent.com/aOlv2Ujmo0BrquhulR_wSkoK1EVb3ejga31KbzJcIBGVophTWD-unJELBRdfsL1-fyhd2inoGQ=w265,242,03.27,0,0,1,0,1,1,11,39,67,51,58,17,11
Saheeli's Silverwing,Artifact,Common,C-,4.236434109,1.528684895,https://lh5.googleusercontent.com/ZtTREoIGGHKu1ge-mvHCE9GHswXT6kMmXSI8Nsn2KxCFqaG_iDlsH4ooZ2JteJbBG5fIu-wxyg=w265,243,04.24,0,0,0,1,4,9,34,67,69,37,27,9,1
Blast Zone,Land,Rare,B-,6.704280156,2.363066476,https://lh4.googleusercontent.com/xQRJivi3lngX_m9i7PQLIQktlxaiJjhfdrDuW0XOAI6P_USwPDJ7mdvpkKb-7SjlrkKNCSVXLg=w265,244,06.70,0,15,11,31,42,43,47,28,17,5,12,3,3
Emergence Zone,Land,Uncommon,C-,3.744186047,2.719805068,https://lh5.googleusercontent.com/T3cIXzrh1o5Zb8gC7JScyeNTT36-UmKZNit26Cpj-cXgmEQf7Vdr1iqSBiAV2mi9BCSAogCHPw=w265,245,03.74,2,1,2,10,14,9,22,41,33,28,36,21,39
Gateway Plaza,Land,Common,C,4.868217054,1.757163637,https://lh6.googleusercontent.com/Kc5BOGEPEAfAQUzd_YwO336D6Dl1jNs4HURnPBavkiOm-8EvKA3AW9Y7dKpxhmnSMZNxLBT0Hg=w265,246,04.87,2,0,0,3,18,10,48,74,50,31,19,2,1
Interplanar Beacon,Land,Uncommon,C,4.505836576,2.286373737,https://lh3.googleusercontent.com/htg7dSYO0AZL813IMW7iWWDeM_pNi2FdP6mzuep7n3CqffoEr4YJ4zHpzv0VINH2r5MHucexrA=w265,247,04.51,0,2,0,11,14,17,40,50,36,33,29,15,10
Karn's Bastion,Land,Rare,B-,6.921875,2.014104676,https://lh5.googleusercontent.com/lI4yRG9ptXXgQdIK4ijxXaELR3zV0cEWQ-rFonGd-hlDG9Mzrvued8O5j2zaDg-ilEoP-h3Sjg=w265,248,06.92,3,5,11,34,49,54,48,25,11,8,6,2,0
Mobilized District,Land,Rare,B-,6.864341085,2.006072433,https://lh6.googleusercontent.com/OIoZ4e_nnHWcgk-Qr2agzlzz451G5MAeZZRyY02z2LVq2Qw0rI4ekSZTQIg5ML_7SeQmO8B6VQ=w265,249,06.86,5,3,8,44,37,47,52,37,12,7,5,1,0